Date,Name,Year,Letterboxd URI
2024-07-19,The Big Lebowski,1998,https://boxd.it/2b6C
2024-07-19,La La Land,2016,https://boxd.it/a5fa
2024-07-19,10 Things I Hate About You,1999,https://boxd.it/23AO
2024-07-19,Aftersun,2022,https://boxd.it/Arw0
2024-07-19,Anatomy of a Fall,2023,https://boxd.it/yuDE
2024-07-19,Before Sunrise,1995,https://boxd.it/2bcU
2024-07-19,Lost in Translation,2003,https://boxd.it/2b0E
2024-07-19,The Lord of the Rings: The Fellowship of the Ring,2001,https://boxd.it/2b5O
2024-07-19,Kill Bill: Vol. 1,2003,https://boxd.it/70w
2024-07-19,Back to the Future,1985,https://boxd.it/2b8e
2024-07-19,The Zone of Interest,2023,https://boxd.it/gJsA
2024-07-19,Gone Girl,2014,https://boxd.it/6hQu
2024-07-19,Stand by Me,1986,https://boxd.it/2aOe
2024-07-19,No Country for Old Men,2007,https://boxd.it/21ew
2024-07-19,"Paris, Texas",1984,https://boxd.it/29Ts
2024-07-19,"Crazy, Stupid, Love.",2011,https://boxd.it/D9A
2024-07-19,The Lord of the Rings: The Two Towers,2002,https://boxd.it/2b5E
2024-07-19,The Royal Tenenbaums,2001,https://boxd.it/1YHU
2024-07-19,Chungking Express,1994,https://boxd.it/1UDa
2024-07-19,The Worst Person in the World,2021,https://boxd.it/oyws
2024-07-19,Punch-Drunk Love,2002,https://boxd.it/20E4
2024-07-19,Cars,2006,https://boxd.it/29ho
2024-07-19,Reservoir Dogs,1992,https://boxd.it/2agc
2024-07-19,Dazed and Confused,1993,https://boxd.it/1Ylk
2024-07-19,When Harry Met Sally...,1989,https://boxd.it/29W2
2024-07-19,John Wick,2014,https://boxd.it/7dEc
2024-07-19,Do the Right Thing,1989,https://boxd.it/29gA
2024-07-19,Dr. Strangelove or: How I Learned to Stop Worrying and Love the Bomb,1964,https://boxd.it/29eY
2024-07-19,In Bruges,2008,https://boxd.it/20n8
2024-07-19,Triangle of Sadness,2022,https://boxd.it/hXlq
2024-07-19,Boogie Nights,1997,https://boxd.it/23um
2024-07-19,The Banshees of Inisherin,2022,https://boxd.it/p7XS
2024-07-19,American Beauty,1999,https://boxd.it/71Y
2024-07-19,Another Round,2020,https://boxd.it/lkba
2024-07-19,Go,1999,https://boxd.it/1YHA
2024-07-19,Wild Tales,2014,https://boxd.it/7UmK
2024-07-19,The Square,2017,https://boxd.it/e5YW
2024-07-19,Broken Flowers,2005,https://boxd.it/2aCW
2024-07-19,Magnolia,1999,https://boxd.it/2aze
2024-07-19,Paterson,2016,https://boxd.it/cRk2
2024-07-19,American Graffiti,1973,https://boxd.it/29us
2024-07-19,BlacKkKlansman,2018,https://boxd.it/hxL8
2024-07-19,Boyhood,2014,https://boxd.it/3178
2024-07-19,The Usual Suspects,1995,https://boxd.it/29XE
2024-07-19,Full Metal Jacket,1987,https://boxd.it/2a1Q
2024-07-19,Cars 2,2011,https://boxd.it/H4Y
2024-07-19,Snatch,2000,https://boxd.it/2b7U
2024-07-19,Kingdom of Heaven,2005,https://boxd.it/28Gs
2024-07-19,Elephant,2003,https://boxd.it/287i
2024-07-19,The Big Short,2015,https://boxd.it/ajZw
2024-07-19,L.A. Confidential,1997,https://boxd.it/27oC
2024-07-19,Twelve Monkeys,1995,https://boxd.it/2beQ
2024-07-19,The Elephant Man,1980,https://boxd.it/27LQ
2024-07-19,Inside Llewyn Davis,2013,https://boxd.it/34Ro
2024-07-19,The Celebration,1998,https://boxd.it/2aCM
2024-07-19,Only Lovers Left Alive,2013,https://boxd.it/4O1U
2024-07-19,Gone with the Wind,1939,https://boxd.it/29Fq
2024-07-19,Living in Oblivion,1995,https://boxd.it/1ZeO
2024-07-19,Metropolitan,1990,https://boxd.it/1Mku
2024-07-19,Cold War,2018,https://boxd.it/fEoc
2024-07-19,Riders of Justice,2020,https://boxd.it/oHQc
2024-07-19,21 Grams,2003,https://boxd.it/2ajK
2024-07-19,Amour,2012,https://boxd.it/34Q6
2025-01-30,Anora,2024,https://boxd.it/Egcw
2025-04-30,Little Miss Sunshine,2006,https://boxd.it/29EW
2025-05-15,A Fish Called Wanda,1988,https://boxd.it/29YC
2025-08-18,Mad Max: Fury Road,2015,https://boxd.it/2DjO
2025-08-24,In the Family,2017,https://boxd.it/h8Cq
2025-08-26,The King of Comedy,1982,https://boxd.it/2aJS
